<BackupInst xmlns="http://www.microsoft.com/GroupPolicy/GPOOperations/Manifest"><GPOGuid><![CDATA[{4B7112DE-F47F-4123-BAC0-0926A048F8AD}]]></GPOGuid><GPODomain><![CDATA[corp.toynak.club]]></GPODomain><GPODomainGuid><![CDATA[{485e2f23-f051-4b9f-817a-9f4d499b9155}]]></GPODomainGuid><GPODomainController><![CDATA[dc1.corp.toynak.club]]></GPODomainController><BackupTime><![CDATA[2018-09-08T17:50:19]]></BackupTime><ID><![CDATA[{DA6A4F73-C1D3-44D3-A6E8-D2C9E8D3BFAE}]]></ID><Comment><![CDATA[]]></Comment><GPODisplayName><![CDATA[Domain Controller Auto Certificate Enrollment]]></GPODisplayName></BackupInst>
